"","VALUE","Freq","EVT_NAME","LFRDB","EVT_FUEL","EVT_Fuel_N","EVT_LF","EVT_PHYS","EVT_GP","EVT_GP_N","SAF_SRM","EVT_ORDER","EVT_CLASS","EVT_SBCLS","R","G","B","RED","GREEN","BLUE","ACRES","REL_PERCENT"
"1",7011,5450025,"Rocky Mountain Aspen Forest and Woodland",7011,2011,"Tr Rocky Mountain Aspen Forest and Woodland","Tree","Hardwood",602,"Aspen Forest, Woodland, and Parkland","SAF 217: Aspen","Tree-dominated","Open tree canopy","Deciduous open tree canopy",192,255,138,0.752941,1,0.541176,1212056,10.7
"2",7012,1657654,"Rocky Mountain Bigtooth Maple Ravine Woodland",7012,2012,"Tr Rocky Mountain Bigtooth Maple Ravine Woodland","Tree","Hardwood",605,"Bigtooth Maple Woodland","SRM 418: Bigtooth Maple","Tree-dominated","Open tree canopy","Deciduous open tree canopy",171,255,138,0.670588,1,0.541176,368653,3.3
"3",7016,7335895,"Colorado Plateau Pinyon-Juniper Woodland",7016,2016,"Tr Colorado Plateau Pinyon-Juniper Woodland","Tree","Conifer",630,"Pinyon-Juniper Woodland","SRM 504: Juniper-Pinyon Pine Woodland","Tree-dominated","Open tree canopy","Evergreen open tree canopy",121,255,94,0.47451,1,0.368627,1631464,14.4
"4",7019,195645,"Great Basin Pinyon-Juniper Woodland",7019,2019,"Tr Great Basin Pinyon-Juniper Woodland","Tree","Conifer",630,"Pinyon-Juniper Woodland","SRM 412: Juniper-Pinyon Woodland","Tree-dominated","Open tree canopy","Evergreen open tree canopy",78,255,59,0.305882,1,0.231373,43510,0.4
"5",7020,932512,"Inter-Mountain Basins Subalpine Limber-Bristlecone Pine Woodland",7020,2020,"Tr Inter-Mountain Basins Subalpine Limber-Bristlecone Pine Woodland","Tree","Conifer",621,"Limber Pine Woodland","SAF 209: Bristlecone Pine","Tree-dominated","Open tree canopy","Evergreen open tree canopy",63,255,46,0.247059,1,0.180392,207386,1.8
"6",7049,463549,"Rocky Mountain Foothill Limber Pine-Juniper Woodland",7049,2049,"Tr Rocky Mountain Foothill Limber Pine-Juniper Woodland","Tree","Conifer",621,"Limber Pine Woodland","SAF 219: Limber Pine","Tree-dominated","Open tree canopy","Evergreen open tree canopy",174,245,224,0.682353,0.960784,0.878431,103091,0.9
"7",7050,1610300,"Rocky Mountain Lodgepole Pine Forest",7050,2050,"Tr Rocky Mountain Lodgepole Pine Forest","Tree","Conifer",622,"Lodgepole Pine Forest and Woodland","SAF 218: Lodgepole Pine","Tree-dominated","Closed tree canopy","Evergreen closed tree canopy",163,240,219,0.639216,0.941176,0.858824,358122,3.2
"8",7051,1944218,"Southern Rocky Mountain Dry-Mesic Montane Mixed Conifer Forest and Woodland",7051,2051,"Tr Southern Rocky Mountain Dry-Mesic Montane Mixed Conifer Forest and Woodland","Tree","Conifer",625,"Douglas-fir-Ponderosa Pine-Lodgepole Pine Forest and Woodland","SAF 210: Interior Douglas-Fir","Tree-dominated","Closed tree canopy","Evergreen closed tree canopy",0,51,0,0,0.2,0,432384,3.8
"9",7052,1299170,"Southern Rocky Mountain Mesic Montane Mixed Conifer Forest and Woodland",7052,2052,"Tr Southern Rocky Mountain Mesic Montane Mixed Conifer Forest and Woodland","Tree","Conifer",643,"Douglas-fir-Grand Fir-White Fir Forest and Woodland","SAF 211: White Fir","Tree-dominated","Closed tree canopy","Evergreen closed tree canopy",0,204,0,0,0.8,0,288928,2.6
"10",7054,1270731,"Southern Rocky Mountain Ponderosa Pine Woodland",7054,2054,"Tr Southern Rocky Mountain Ponderosa Pine Woodland","Tree","Conifer",631,"Ponderosa Pine Forest, Woodland and Savanna","SAF 237: Interior Ponderosa Pine","Tree-dominated","Open tree canopy","Evergreen open tree canopy",214,255,181,0.839216,1,0.709804,282604,2.5
"11",7055,4268786,"Rocky Mountain Subalpine Dry-Mesic Spruce-Fir Forest and Woodland",7055,2055,"Tr Rocky Mountain Subalpine Dry-Mesic Spruce-Fir Forest and Woodland","Tree","Conifer",639,"Spruce-Fir Forest and Woodland","SAF 206: Engelmann Spruce-Subalpine Fir","Tree-dominated","Closed tree canopy","Evergreen closed tree canopy",236,252,204,0.92549,0.988235,0.8,949355,8.4
"12",7056,534633,"Rocky Mountain Subalpine Mesic-Wet Spruce-Fir Forest and Woodland",7056,2056,"Tr Rocky Mountain Subalpine Mesic-Wet Spruce-Fir Forest and Woodland","Tree","Conifer",639,"Spruce-Fir Forest and Woodland","SAF 206: Engelmann Spruce-Subalpine Fir","Tree-dominated","Closed tree canopy","Evergreen closed tree canopy",236,252,204,0.92549,0.988235,0.8,118900,1.1
"13",7057,7,"Rocky Mountain Subalpine-Montane Limber-Bristlecone Pine Woodland",7057,2057,"Tr Rocky Mountain Subalpine-Montane Limber-Bristlecone Pine Woodland","Tree","Conifer",621,"Limber Pine Woodland","SAF 209: Bristlecone Pine","Tree-dominated","Open tree canopy","Evergreen open tree canopy",63,255,46,0.247059,1,0.180392,2,0
"14",7061,2747059,"Inter-Mountain Basins Aspen-Mixed Conifer Forest and Woodland",7061,2061,"Tr Inter-Mountain Basins Aspen-Mixed Conifer Forest and Woodland","Tree","Conifer-Hardwood",603,"Aspen-Mixed Conifer Forest and Woodland","SAF 217: Aspen","Tree-dominated","Open tree canopy","Mixed evergreen-deciduous open tree canopy",192,255,138,0.752941,1,0.541176,610931,5.4
"15",7062,487233,"Inter-Mountain Basins Curl-leaf Mountain Mahogany Woodland",7062,2062,"Tr Inter-Mountain Basins Curl-leaf Mountain Mahogany Woodland and Shrubland","Tree","Conifer",628,"Mountain Mahogany Woodland and Shrubland","SRM 415: Curlleaf Mountain-Mahogany","Tree-dominated","Open tree canopy","Evergreen open tree canopy",155,235,216,0.607843,0.921569,0.847059,108358,1
"16",7064,337877,"Colorado Plateau Mixed Low Sagebrush Shrubland",7064,2064,"Sh Colorado Plateau Mixed Low Sagebrush Shrubland","Shrub","Shrubland",623,"Low Sagebrush Shrubland and Steppe","SRM 405: Black Sagebrush","Shrub-dominated","Dwarf-shrubland","Evergreen dwarf-shrubland",204,182,135,0.8,0.713725,0.529412,75142,0.7
"17",7066,652,"Inter-Mountain Basins Mat Saltbush Shrubland",7066,2066,"Sh Inter-Mountain Basins Mat Saltbush Shrubland","Shrub","Shrubland",636,"Salt Desert Scrub","SRM 501: Saltbush-Greasewood","Shrub-dominated","Dwarf-shrubland","Evergreen dwarf-shrubland",194,170,126,0.760784,0.666667,0.494118,145,0
"18",7070,81179,"Rocky Mountain Alpine Dwarf-Shrubland",7070,2070,"Sh Rocky Mountain Alpine Dwarf-Shrubland","Shrub","Shrubland",601,"Alpine Dwarf-Shrubland, Fell-field and Meadow","SRM 410: Alpine Rangeland","Shrub-dominated","Dwarf-shrubland","Evergreen dwarf-shrubland",171,145,106,0.670588,0.568627,0.415686,18054,0.2
"19",7072,40799,"Wyoming Basins Dwarf Sagebrush Shrubland and Steppe",7072,2072,"Sh Wyoming Basins Dwarf Sagebrush Shrubland and Steppe","Shrub","Shrubland",623,"Low Sagebrush Shrubland and Steppe","SRM 405: Black Sagebrush","Shrub-dominated","Dwarf-shrubland","Evergreen dwarf-shrubland",204,182,135,0.8,0.713725,0.529412,9073,0.1
"20",7078,17,"Colorado Plateau Blackbrush-Mormon-tea Shrubland",7078,2078,"Sh Colorado Plateau Blackbrush-Mormon-tea Shrubland","Shrub","Shrubland",606,"Blackbrush Shrubland","SRM 212: Blackbush","Shrub-dominated","Shrubland","Mixed evergreen-deciduous shrubland",140,112,80,0.54902,0.439216,0.313725,4,0
"21",7079,113766,"Great Basin Xeric Mixed Sagebrush Shrubland",7079,2079,"Sh Great Basin Xeric Mixed Sagebrush Shrubland","Shrub","Shrubland",623,"Low Sagebrush Shrubland and Steppe","SRM 406: Low Sagebrush","Shrub-dominated","Shrubland","Mixed evergreen-deciduous shrubland",135,106,76,0.529412,0.415686,0.298039,25301,0.2
"22",7080,1425249,"Inter-Mountain Basins Big Sagebrush Shrubland",7080,2080,"Sh Inter-Mountain Basins Big Sagebrush Shrubland","Shrub","Shrubland",604,"Big Sagebrush Shrubland and Steppe","SRM 403: Wyoming Big Sagebrush","Shrub-dominated","Shrubland","Evergreen shrubland",130,101,72,0.509804,0.396078,0.282353,316968,2.8
"23",7081,174776,"Inter-Mountain Basins Mixed Salt Desert Scrub",7081,2081,"Sh Inter-Mountain Basins Mixed Salt Desert Scrub","Shrub","Shrubland",636,"Salt Desert Scrub","SRM 414: Salt Desert Shrub","Shrub-dominated","Shrubland","Evergreen shrubland",156,128,92,0.611765,0.501961,0.360784,38869,0.3
"24",7082,30156,"Mojave Mid-Elevation Mixed Desert Scrub",7082,2082,"Sh Mojave Mid-Elevation Mixed Desert Scrub","Shrub","Shrubland",613,"Desert Scrub","SRM 212: Blackbush","Shrub-dominated","Shrubland","Mixed evergreen-deciduous shrubland",140,112,80,0.54902,0.439216,0.313725,6707,0.1
"25",7086,255760,"Rocky Mountain Lower Montane-Foothill Shrubland",7086,2086,"Sh Rocky Mountain Lower Montane-Foothill Shrubland","Shrub","Shrubland",612,"Deciduous Shrubland","SRM 421: Chokecherry-Serviceberry-Rose","Shrub-dominated","Shrubland","Mixed evergreen-deciduous shrubland",117,87,61,0.458824,0.341176,0.239216,56880,0.5
"26",7087,6,"Sonora-Mojave Creosotebush-White Bursage Desert Scrub",7087,2087,"Sh Sonora-Mojave Creosotebush-White Bursage Desert Scrub","Shrub","Shrubland",611,"Creosotebush Desert Scrub","SRM 506: Creosotebush-Bursage","Shrub-dominated","Shrubland","Mixed evergreen-deciduous shrubland",161,134,96,0.631373,0.52549,0.376471,1,0
"27",7088,12,"Sonora-Mojave Mixed Salt Desert Scrub",7088,2088,"Sh Sonora-Mojave Mixed Salt Desert Scrub","Shrub","Shrubland",636,"Salt Desert Scrub","SRM 414: Salt Desert Shrub","Shrub-dominated","Shrubland","Evergreen shrubland",156,128,92,0.611765,0.501961,0.360784,3,0
"28",7093,5,"Southern Colorado Plateau Sand Shrubland",7093,2093,"Sh Southern Colorado Plateau Sand Shrubland","Shrub","Shrubland",637,"Sand Shrubland","SRM 605: Sandsage Prairie","Shrub-dominated","Shrubland","Mixed evergreen-deciduous shrubland",112,82,57,0.439216,0.321569,0.223529,1,0
"29",7102,21,"Colorado Plateau Pinyon-Juniper Shrubland",7102,2102,"Sh Colorado Plateau Pinyon-Juniper Shrubland","Shrub","Shrubland",699,"Pinyon-Juniper Shrubland","SRM 504: Juniper-Pinyon Pine Woodland","Shrub-dominated","Shrubland","Evergreen shrubland",121,255,94,0.47451,1,0.368627,5,0
"30",7103,158,"Great Basin Semi-Desert Chaparral",7103,2103,"Sh Great Basin Semi-Desert Chaparral","Shrub","Shrubland",607,"Chaparral","SRM 503: Arizona Chaparral","Shrub-dominated","Shrubland","Evergreen shrubland",89,59,40,0.34902,0.231373,0.156863,35,0
"31",7106,44,"Northern Rocky Mountain Montane-Foothill Deciduous Shrubland",7106,2106,"Sh Northern Rocky Mountain Montane-Foothill Deciduous Shrubland","Shrub","Shrubland",612,"Deciduous Shrubland","SRM 421: Chokecherry-Serviceberry-Rose","Shrub-dominated","Shrubland","Mixed evergreen-deciduous shrubland",117,87,61,0.458824,0.341176,0.239216,10,0
"32",7107,2801288,"Rocky Mountain Gambel Oak-Mixed Montane Shrubland",7107,2107,"Sh Rocky Mountain Gambel Oak-Mixed Montane Shrubland","Shrub","Shrubland",612,"Deciduous Shrubland","SRM 413: Gambel oak","Shrub-dominated","Shrubland","Mixed evergreen-deciduous shrubland",245,175,54,0.960784,0.686275,0.211765,622991,5.5
"33",7108,26,"Sonora-Mojave Semi-Desert Chaparral",7108,2108,"Sh Sonora-Mojave Semi-Desert Chaparral","Shrub","Shrubland",607,"Chaparral","SRM 503: Arizona Chaparral","Shrub-dominated","Shrubland","Evergreen shrubland",89,59,40,0.34902,0.231373,0.156863,6,0
"34",7115,5,"Inter-Mountain Basins Juniper Savanna",7115,2115,"Tr Inter-Mountain Basins Juniper Savanna","Tree","Conifer",620,"Juniper Woodland and Savanna","SRM 412: Juniper-Pinyon Woodland","Tree-dominated","Sparse tree canopy","Evergreen sparse tree canopy",78,255,59,0.305882,1,0.231373,1,0
"35",7117,1,"Southern Rocky Mountain Ponderosa Pine Savanna",7117,2117,"Tr Southern Rocky Mountain Ponderosa Pine Savanna","Tree","Conifer",631,"Ponderosa Pine Forest, Woodland and Savanna","SAF 237: Interior Ponderosa Pine","Tree-dominated","Sparse tree canopy","Evergreen sparse tree canopy",214,255,181,0.839216,1,0.709804,0,0
"36",7123,11,"Columbia Plateau Steppe and Grassland",7123,2123,"He Columbia Plateau Steppe and Grassland","Herb","Grassland",618,"Grassland and Steppe","SRM 106: Bluegrass Scabland","Herbaceous / Nonvascular-dominated","Herbaceous - shrub-steppe","Perennial graminoid steppe",199,176,129,0.780392,0.690196,0.505882,2,0
"37",7125,98883,"Inter-Mountain Basins Big Sagebrush Steppe",7125,2125,"Sh Inter-Mountain Basins Big Sagebrush Steppe","Shrub","Shrubland",604,"Big Sagebrush Shrubland and Steppe","SRM 314: Big Sagebrush-Bluebunch Wheatgrass","Shrub-dominated","Shrubland","Mixed evergreen-deciduous shrubland",230,151,41,0.901961,0.592157,0.160784,21991,0.2
"38",7126,6117739,"Inter-Mountain Basins Montane Sagebrush Steppe",7126,2126,"Sh Inter-Mountain Basins Montane Sagebrush Steppe","Shrub","Shrubland",604,"Big Sagebrush Shrubland and Steppe","SRM 402: Mountain Big Sagebrush","Shrub-dominated","Shrubland","Mixed evergreen-deciduous shrubland",219,140,37,0.858824,0.54902,0.145098,1360552,12
"39",7127,869085,"Inter-Mountain Basins Semi-Desert Shrub-Steppe",7127,2127,"Sh Inter-Mountain Basins Semi-Desert Shrub-Steppe","Shrub","Shrubland",613,"Desert Scrub","SRM 403: Wyoming Big Sagebrush","Shrub-dominated","Shrubland","Mixed evergreen-deciduous shrubland",130,101,72,0.509804,0.396078,0.282353,193280,1.7
"40",7135,10339,"Inter-Mountain Basins Semi-Desert Grassland",7135,2135,"He Inter-Mountain Basins Semi-Desert Grassland","Herb","Grassland",617,"Grassland","SRM 502: Grama-Galetta","Herbaceous / Nonvascular-dominated","Herbaceous - grassland","Perennial graminoid grassland",255,200,125,1,0.784314,0.490196,2299,0
"41",7139,43,"Northern Rocky Mountain Lower Montane-Foothill-Valley Grassland",7139,2139,"He Northern Rocky Mountain Lower Montane-Foothill-Valley Grassland","Herb","Grassland",617,"Grassland","SRM 311: Rough Fescue-Bluebunch Wheatgrass","Herbaceous / Nonvascular-dominated","Herbaceous - grassland","Perennial graminoid grassland",255,191,102,1,0.74902,0.4,10,0
"42",7140,7,"Northern Rocky Mountain Subalpine-Upper Montane Grassland",7140,2140,"He Northern Rocky Mountain Subalpine-Upper Montane Grassland","Herb","Grassland",617,"Grassland","SRM 312: Rough Fescue-Idaho Fescue","Herbaceous / Nonvascular-dominated","Herbaceous - grassland","Perennial graminoid grassland",255,184,97,1,0.721569,0.380392,2,0
"43",7143,12334,"Rocky Mountain Alpine Fell-Field",7143,2143,"He Rocky Mountain Alpine Fell-Field","Herb","Grassland",601,"Alpine Dwarf-Shrubland, Fell-field and Meadow","SRM 410: Alpine Rangeland","Herbaceous / Nonvascular-dominated","Herbaceous - grassland","Perennial graminoid grassland",171,145,106,0.670588,0.568627,0.415686,2743,0
"44",7144,36655,"Rocky Mountain Alpine Turf",7144,2144,"He Rocky Mountain Alpine Turf","Herb","Grassland",616,"Dry Tundra","SRM 410: Alpine Rangeland","Herbaceous / Nonvascular-dominated","Herbaceous - grassland","Perennial graminoid grassland",171,145,106,0.670588,0.568627,0.415686,8152,0.1
"45",7145,837293,"Rocky Mountain Subalpine-Montane Mesic Meadow",7145,2145,"He Rocky Mountain Subalpine-Montane Mesic Meadow","Herb","Grassland",601,"Alpine Dwarf-Shrubland, Fell-field and Meadow","SRM 409: Tall Forb","Herbaceous / Nonvascular-dominated","Herbaceous - grassland","Perennial graminoid grassland",255,163,82,1,0.639216,0.321569,186209,1.6
"46",7146,447087,"Southern Rocky Mountain Montane-Subalpine Grassland",7146,2146,"He Southern Rocky Mountain Montane-Subalpine Grassland","Herb","Grassland",617,"Grassland","SRM 410: Alpine Rangeland","Herbaceous / Nonvascular-dominated","Herbaceous - grassland","Perennial graminoid grassland",171,145,106,0.670588,0.568627,0.415686,99430,0.9
"47",7153,7,"Inter-Mountain Basins Greasewood Flat",7153,2153,"Sh Inter-Mountain Basins Greasewood Flat","Shrub","Shrubland",619,"Greasewood Shrubland","SRM 501: Saltbush-Greasewood","Shrub-dominated","Shrubland","Evergreen shrubland",194,170,126,0.760784,0.666667,0.494118,2,0
"48",7166,53,"Middle Rocky Mountain Montane Douglas-fir Forest and Woodland",7166,2166,"Tr Middle Rocky Mountain Montane Douglas-fir Forest and Woodland","Tree","Conifer",614,"Douglas-fir Forest and Woodland","SAF 210: Interior Douglas-Fir","Tree-dominated","Closed tree canopy","Evergreen closed tree canopy",0,51,0,0,0.2,0,12,0
"49",7250,4,"Inter-Mountain Basins Curl-leaf Mountain Mahogany Shrubland",7062,2062,"Tr Inter-Mountain Basins Curl-leaf Mountain Mahogany Woodland and Shrubland","Shrub","Shrubland",628,"Mountain Mahogany Woodland and Shrubland","SRM 415: Curlleaf Mountain-Mahogany","Shrub-dominated","Shrubland","Mixed evergreen-deciduous shrubland",155,235,216,0.607843,0.921569,0.847059,1,0
"50",7292,322144,"Open Water",7292,11,"Ba Open Water","Water","Open Water",11,"Open Water","LF 11: Water","Non-vegetated","Non-vegetated","Non-vegetated",0,0,255,0,0,1,71643,0.6
"51",7295,10367,"Quarries-Strip Mines-Gravel Pits-Well and Wind Pads",7295,32,"Bab Quarries-Strip Mines-Gravel Pits-Well and Wind Pads","Barren","Quarries-Strip Mines-Gravel Pits-Well and Wind Pads",32,"Quarries-Strip Mines-Gravel Pits-Well and Wind Pads","LF 20: Developed","Non-vegetated","Non-vegetated","Developed",230,232,250,0.901961,0.909804,0.980392,2306,0
"52",7296,64543,"Developed-Low Intensity",7296,2902,"Bau Developed-Low Intensity","Developed","Developed-Low Intensity",22,"Developed-Low Intensity","LF 20: Developed","No Dominant Lifeform","No Dominant Lifeform","Developed",255,122,143,1,0.478431,0.560784,14354,0.1
"53",7297,28332,"Developed-Medium Intensity",7297,2903,"Bau Developed-Medium Intensity","Developed","Developed-Medium Intensity",23,"Developed-Medium Intensity","LF 20: Developed","No Dominant Lifeform","No Dominant Lifeform","Developed",253,44,79,0.992157,0.172549,0.309804,6301,0.1
"54",7298,6183,"Developed-High Intensity",7298,2904,"Bau Developed-High Intensity","Developed","Developed-High Intensity",24,"Developed-High Intensity","LF 20: Developed","No Dominant Lifeform","No Dominant Lifeform","Developed",173,0,28,0.678431,0,0.109804,1375,0
"55",7299,833490,"Developed-Roads",7299,2905,"Bau Developed-Roads","Developed","Developed-Roads",25,"Developed-Roads","LF 20: Developed","No Dominant Lifeform","No Dominant Lifeform","Developed",1,1,1,0.003922,0.003922,0.003922,185364,1.6
"56",7735,412,"North American Glacier and Ice Field",7735,12,"Ba Snow-Ice","Snow-Ice","Snow-Ice",12,"Snow-Ice","LF 12: Snow-Ice","Non-vegetated","Non-vegetated","Non-vegetated",159,161,240,0.623529,0.631373,0.941176,92,0
"57",7900,62387,"Western Cool Temperate Urban Deciduous Forest",7900,2913,"Dtd Urban Deciduous Forest","Tree","Developed",13,"Developed-Upland Deciduous Forest","LF 20: Developed","Tree-dominated","Open tree canopy","Deciduous open tree canopy",112,68,137,0.439216,0.266667,0.537255,13875,0.1
"58",7901,92427,"Western Cool Temperate Urban Evergreen Forest",7901,2914,"Dtc Urban Evergreen Forest","Tree","Developed",14,"Developed-Upland Evergreen Forest","LF 20: Developed","Tree-dominated","Open tree canopy","Evergreen open tree canopy",170,102,205,0.666667,0.4,0.803922,20555,0.2
"59",7902,15646,"Western Cool Temperate Urban Mixed Forest",7902,2915,"Dtm Urban Mixed Deciduous-Evergreen Forest","Tree","Developed",15,"Developed-Upland Mixed Forest","LF 20: Developed","Tree-dominated","Open tree canopy","Mixed evergreen-deciduous open tree canopy",194,158,215,0.760784,0.619608,0.843137,3480,0
"60",7903,33063,"Western Cool Temperate Urban Herbaceous",7903,2916,"Dgr Urban Herbaceous","Herb","Developed",16,"Developed-Upland Herbaceous","LF 20: Developed","Herbaceous / Nonvascular-dominated","Herbaceous - grassland","Perennial graminoid",202,122,245,0.792157,0.478431,0.960784,7353,0.1
"61",7904,241410,"Western Cool Temperate Urban Shrubland",7904,2917,"Dsh Urban Shrubland","Shrub","Developed",17,"Developed-Upland Shrubland","LF 20: Developed","Shrub-dominated","Shrubland","Mixed evergreen-deciduous shrubland",207,171,215,0.811765,0.670588,0.843137,53688,0.5
"62",7914,111,"Western Warm Temperate Urban Shrubland",7914,2917,"Dsh Urban Shrubland","Shrub","Developed",17,"Developed-Upland Shrubland","LF 20: Developed","Shrub-dominated","Shrubland","Mixed evergreen-deciduous shrubland",207,171,215,0.811765,0.670588,0.843137,25,0
"63",7920,8278,"Western Cool Temperate Developed Deciduous Forest",7920,2908,"Dtd Developed Deciduous Forest","Tree","Developed",13,"Developed-Upland Deciduous Forest","LF 20: Developed","Tree-dominated","Open tree canopy","Deciduous open tree canopy",64,61,168,0.25098,0.239216,0.658824,1841,0
"64",7921,9558,"Western Cool Temperate Developed Evergreen Forest",7921,2909,"Dtc Developed Evergreen Forest","Tree","Developed",14,"Developed-Upland Evergreen Forest","LF 20: Developed","Tree-dominated","Open tree canopy","Evergreen open tree canopy",102,119,205,0.4,0.466667,0.803922,2126,0
"65",7922,2501,"Western Cool Temperate Developed Mixed Forest",7922,2910,"Dtm Developed Mixed Deciduous-Evergreen Forest","Tree","Developed",15,"Developed-Upland Mixed Forest","LF 20: Developed","Tree-dominated","Open tree canopy","Mixed evergreen-deciduous open tree canopy",68,79,137,0.266667,0.309804,0.537255,556,0
"66",7923,15139,"Western Cool Temperate Developed Shrubland",7923,2912,"Dsh Developed Shrubland","Shrub","Developed",17,"Developed-Upland Shrubland","LF 20: Developed","Shrub-dominated","Shrubland","Mixed evergreen-deciduous shrubland",122,142,245,0.478431,0.556863,0.960784,3367,0
"67",7924,4105,"Western Cool Temperate Developed Herbaceous",7924,2911,"Dgr Developed Herbaceous","Herb","Developed",16,"Developed-Upland Herbaceous","LF 20: Developed","Herbaceous / Nonvascular-dominated","Herbaceous - grassland","Perennial graminoid",158,170,215,0.619608,0.666667,0.843137,913,0
"68",7931,92,"Western Warm Temperate Developed Evergreen Forest",7931,2909,"Dtc Developed Evergreen Forest","Tree","Developed",14,"Developed-Upland Evergreen Forest","LF 20: Developed","Tree-dominated","Open tree canopy","Evergreen open tree canopy",102,119,205,0.4,0.466667,0.803922,20,0
"69",7932,2,"Western Warm Temperate Developed Mixed Forest",7932,2910,"Dtm Developed Mixed Deciduous-Evergreen Forest","Tree","Developed",15,"Developed-Upland Mixed Forest","LF 20: Developed","Tree-dominated","Open tree canopy","Mixed evergreen-deciduous open tree canopy",68,79,137,0.266667,0.309804,0.537255,0,0
"70",7933,138,"Western Warm Temperate Developed Shrubland",7933,2912,"Dsh Developed Shrubland","Shrub","Developed",17,"Developed-Upland Shrubland","LF 20: Developed","Shrub-dominated","Shrubland","Mixed evergreen-deciduous shrubland",122,142,245,0.478431,0.556863,0.960784,31,0
"71",7960,516,"Western Cool Temperate Orchard",7960,2960,"Dab Orchard","Tree","Agricultural",60,"Agricultural-Orchard","LF 80: Agriculture","Tree-dominated","Open tree canopy","Deciduous open tree canopy",210,28,94,0.823529,0.109804,0.368627,115,0
"72",7963,25200,"Western Cool Temperate Row Crop - Close Grown Crop",7963,2963,"Da Row Crop - Close Grown Crop","Agriculture","Agricultural",63,"Agricultural-Row Crop-Close Grown Crop","LF 80: Agriculture","Herbaceous / Nonvascular-dominated","Herbaceous - grassland","Annual Graminoid/Forb",255,245,140,1,0.960784,0.54902,5604,0
"73",7964,4513,"Western Cool Temperate Row Crop",7964,2964,"Da Row Crop","Agriculture","Agricultural",64,"Agricultural-Row Crop","LF 80: Agriculture","Herbaceous / Nonvascular-dominated","Herbaceous - grassland","Annual Graminoid/Forb",250,255,119,0.980392,1,0.466667,1004,0
"74",7965,499834,"Western Cool Temperate Close Grown Crop",7965,2965,"Da Close Grown Crop","Agriculture","Agricultural",65,"Agricultural-Close Grown Crop","LF 80: Agriculture","Herbaceous / Nonvascular-dominated","Herbaceous - grassland","Annual Graminoid/Forb",255,237,119,1,0.929412,0.466667,111160,1
"75",7966,97553,"Western Cool Temperate Fallow/Idle Cropland",7966,2966,"Dab Fallow/Idle Cropland","Herb","Agricultural",66,"Agricultural-Fallow/Idle Cropland","LF 80: Agriculture","Herbaceous / Nonvascular-dominated","Herbaceous - grassland","Annual Graminoid/Forb",255,255,119,1,1,0.466667,21695,0.2
"76",7967,526525,"Western Cool Temperate Pasture and Hayland",7967,2967,"Dab Pasture and Hayland","Herb","Agricultural",67,"Agricultural-Pasture and Hayland","LF 80: Agriculture","Herbaceous / Nonvascular-dominated","Herbaceous - grassland","Annual Graminoid/Forb",227,212,28,0.890196,0.831373,0.109804,117096,1
"77",7968,25790,"Western Cool Temperate Wheat",7968,2968,"Da Wheat","Agriculture","Agricultural",68,"Agricultural-Wheat","LF 80: Agriculture","Herbaceous / Nonvascular-dominated","Herbaceous - grassland","Annual Graminoid/Forb",250,227,163,0.980392,0.890196,0.639216,5736,0.1
"78",7985,1,"Western Warm Temperate Close Grown Crop",7985,2965,"Da Close Grown Crop","Agriculture","Agricultural",65,"Agricultural-Close Grown Crop","LF 80: Agriculture","Herbaceous / Nonvascular-dominated","Herbaceous - grassland","Annual Graminoid/Forb",255,237,119,1,0.929412,0.466667,0,0
"79",7987,1,"Western Warm Temperate Pasture and Hayland",7987,2967,"Dab Pasture and Hayland","Herb","Agricultural",67,"Agricultural-Pasture and Hayland","LF 80: Agriculture","Herbaceous / Nonvascular-dominated","Herbaceous - grassland","Annual Graminoid/Forb",227,212,28,0.890196,0.831373,0.109804,0,0
"80",7988,4,"Western Warm Temperate Wheat",7988,2968,"Da Wheat","Agriculture","Agricultural",68,"Agricultural-Wheat","LF 80: Agriculture","Herbaceous / Nonvascular-dominated","Herbaceous - grassland","Annual Graminoid/Forb",250,227,163,0.980392,0.890196,0.639216,1,0
"81",9001,314220,"Colorado Plateau Mixed Bedrock Canyon and Tableland",9001,2001,"Sps Inter-Mountain Basins Sparsely Vegetated Systems","Sparse","Sparsely Vegetated",700,"Sparse Vegetation","LF 33: Sparsely Vegetated","No Dominant Lifeform","Sparsely vegetated","Sparsely vegetated",100,100,100,0.392157,0.392157,0.392157,69881,0.6
"82",9003,41,"Great Basin Foothill and Lower Montane Riparian Woodland",9003,2154,"Tr Inter-Mountain Basins Montane Riparian Systems","Tree","Riparian",635,"Western Riparian Woodland and Shrubland","SAF 235: Cottonwood-Willow","Tree-dominated","Open tree canopy","Mixed evergreen-deciduous open tree canopy",73,171,186,0.286275,0.670588,0.729412,9,0
"83",9004,1,"Inter-Mountain Basins Active and Stabilized Dune",9004,2001,"Sps Inter-Mountain Basins Sparsely Vegetated Systems","Sparse","Sparsely Vegetated",700,"Sparse Vegetation","LF 33: Sparsely Vegetated","No Dominant Lifeform","Sparsely vegetated","Sparsely vegetated",100,100,100,0.392157,0.392157,0.392157,0,0
"84",9006,329,"Inter-Mountain Basins Cliff and Canyon",9006,2001,"Sps Inter-Mountain Basins Sparsely Vegetated Systems","Sparse","Sparsely Vegetated",700,"Sparse Vegetation","LF 33: Sparsely Vegetated","No Dominant Lifeform","Sparsely vegetated","Sparsely vegetated",100,100,100,0.392157,0.392157,0.392157,73,0
"85",9009,178,"Inter-Mountain Basins Shale Badland",9009,2001,"Sps Inter-Mountain Basins Sparsely Vegetated Systems","Sparse","Sparsely Vegetated",700,"Sparse Vegetation","LF 33: Sparsely Vegetated","No Dominant Lifeform","Sparsely vegetated","Sparsely vegetated",100,100,100,0.392157,0.392157,0.392157,40,0
"86",9010,13,"Inter-Mountain Basins Wash",9010,2001,"Sps Inter-Mountain Basins Sparsely Vegetated Systems","Sparse","Sparsely Vegetated",700,"Sparse Vegetation","LF 33: Sparsely Vegetated","No Dominant Lifeform","Sparsely vegetated","Sparsely vegetated",100,100,100,0.392157,0.392157,0.392157,3,0
"87",9011,28897,"North American Arid West Emergent Marsh",9011,2225,"He North American Arid West Emergent Marsh","Herb","Riparian",765,"Freshwater Marsh","LF 56: Western Herbaceous Wetland","Herbaceous / Nonvascular-dominated","Herbaceous - grassland","Perennial graminoid grassland",250,100,56,0.980392,0.392157,0.219608,6427,0.1
"88",9016,1080122,"Rocky Mountain Alpine Bedrock and Scree",9016,2006,"Sps Rocky Mountain Alpine/Montane Sparsely Vegetated Systems","Sparse","Sparsely Vegetated",700,"Sparse Vegetation","LF 33: Sparsely Vegetated","No Dominant Lifeform","Sparsely vegetated","Sparsely vegetated",100,100,100,0.392157,0.392157,0.392157,240213,2.1
"89",9017,95017,"Rocky Mountain Alpine-Montane Wet Meadow",9017,2176,"He Rocky Mountain Alpine-Montane Wet Meadow","Herb","Riparian",669,"Western Herbaceous Wetland","SRM 422: Riparian","Herbaceous / Nonvascular-dominated","Herbaceous - grassland","Perennial graminoid grassland",184,96,24,0.721569,0.376471,0.094118,21131,0.2
"90",9018,645006,"Rocky Mountain Cliff Canyon and Massive Bedrock",9018,2006,"Sps Rocky Mountain Alpine/Montane Sparsely Vegetated Systems","Sparse","Sparsely Vegetated",700,"Sparse Vegetation","LF 33: Sparsely Vegetated","No Dominant Lifeform","Sparsely vegetated","Sparsely vegetated",100,100,100,0.392157,0.392157,0.392157,143446,1.3
"91",9019,193148,"Rocky Mountain Lower Montane-Foothill Riparian Woodland",9019,2159,"Tr Rocky Mountain Montane Riparian Systems","Tree","Riparian",635,"Western Riparian Woodland and Shrubland","SAF 235: Cottonwood-Willow","Tree-dominated","Open tree canopy","Mixed evergreen-deciduous open tree canopy",73,171,186,0.286275,0.670588,0.729412,42955,0.4
"92",9021,44889,"Rocky Mountain Subalpine-Montane Riparian Shrubland",9021,2160,"Tr Rocky Mountain Subalpine/Upper Montane Riparian Systems","Shrub","Riparian",635,"Western Riparian Woodland and Shrubland","SRM 422: Riparian","Shrub-dominated","Shrubland","Mixed evergreen-deciduous shrubland",184,96,24,0.721569,0.376471,0.094118,9983,0.1
"93",9022,138320,"Rocky Mountain Subalpine-Montane Riparian Woodland",9022,2160,"Tr Rocky Mountain Subalpine/Upper Montane Riparian Systems","Tree","Riparian",635,"Western Riparian Woodland and Shrubland","SRM 422: Riparian","Tree-dominated","Open tree canopy","Mixed evergreen-deciduous open tree canopy",184,96,24,0.721569,0.376471,0.094118,30762,0.3
"94",9033,50204,"Inter-Mountain Basins Volcanic Rock and Cinder Land",9033,2001,"Sps Inter-Mountain Basins Sparsely Vegetated Systems","Sparse","Sparsely Vegetated",700,"Sparse Vegetation","LF 33: Sparsely Vegetated","No Dominant Lifeform","Sparsely vegetated","Sparsely vegetated",100,100,100,0.392157,0.392157,0.392157,11165,0.1
"95",9034,6,"North American Warm Desert Riparian Woodland",9034,2155,"Tr North American Warm Desert Riparian Systems","Tree","Riparian",635,"Western Riparian Woodland and Shrubland","SRM 203: Riparian Woodland","Tree-dominated","Open tree canopy","Deciduous open tree canopy",81,180,141,0.317647,0.705882,0.552941,1,0
"96",9307,12734,"Great Basin & Intermountain Introduced Annual and Biennial Forbland",9307,2272,"He Great Basin & Intermountain Introduced Annual and Biennial Forbland","Herb","Exotic Herbaceous",704,"Introduced Annual and Biennial Forbland","LF 54: Introduced Upland Vegetation - Herbaceous","Herbaceous / Nonvascular-dominated","Herbaceous - grassland","Annual Graminoid/Forb",255,105,46,1,0.411765,0.180392,2832,0
"97",9308,112773,"Great Basin & Intermountain Introduced Annual Grassland",9308,2273,"He Great Basin & Intermountain Introduced Annual Grassland","Herb","Exotic Herbaceous",702,"Introduced Annual Grassland","LF 54: Introduced Upland Vegetation - Herbaceous","Herbaceous / Nonvascular-dominated","Herbaceous - grassland","Annual Graminoid/Forb",255,105,46,1,0.411765,0.180392,25080,0.2
"98",9309,231833,"Great Basin & Intermountain Introduced Perennial Grassland and Forbland",9309,2274,"He Great Basin & Intermountain Introduced Perennial Grassland and Forbland","Herb","Exotic Herbaceous",703,"Introduced Perennial Grassland and Forbland","LF 54: Introduced Upland Vegetation - Herbaceous","Herbaceous / Nonvascular-dominated","Herbaceous - grassland","Perennial graminoid grassland",255,105,46,1,0.411765,0.180392,51558,0.5
"99",9310,9,"North American Warm Desert Ruderal & Planted Scrub",9310,2275,"Sh North American Warm Desert Ruderal & Planted Scrub & Grassland","Shrub","Exotic Tree-Shrub",706,"Introduced Upland Vegetation-Shrub","LF 52: Introduced Upland Vegetation - Shrub","Shrub-dominated","Shrubland","Mixed evergreen-deciduous shrubland",255,105,46,1,0.411765,0.180392,2,0
"100",9327,3,"Interior West Ruderal Riparian Forest",9327,2278,"Tr Interior West Ruderal Riparian Forest & Scrub","Tree","Riparian",701,"Introduced Riparian Vegetation","LF 58: Introduced Woody Wetlands and Riparian Vegetation","Tree-dominated","Open tree canopy","Mixed evergreen-deciduous open tree canopy",255,105,46,1,0.411765,0.180392,1,0
"101",9328,67646,"Interior Western North American Temperate Ruderal Shrubland",9328,2279,"Sh Interior Western North American Temperate Ruderal Grassland & Shrubland","Shrub","Exotic Tree-Shrub",706,"Introduced Upland Vegetation-Shrub","LF 52: Introduced Upland Vegetation - Shrub","Shrub-dominated","Shrubland","Mixed evergreen-deciduous shrubland",255,105,46,1,0.411765,0.180392,15044,0.1
"102",9329,40824,"Western North American Ruderal Wet Shrubland",9329,2280,"Sh Western North American Ruderal Wet Shrubland Meadow & Marsh","Shrub","Riparian",708,"Introduced Woody Wetland Vegetation","LF 58: Introduced Woody Wetlands and Riparian Vegetation","Shrub-dominated","Shrubland","Mixed evergreen-deciduous shrubland",255,105,46,1,0.411765,0.180392,9079,0.1
"103",9336,326966,"Great Basin & Intermountain Ruderal Shrubland",9336,2282,"Sh Great Basin & Intermountain Ruderal Shrubland","Shrub","Exotic Tree-Shrub",706,"Introduced Upland Vegetation-Shrub","LF 52: Introduced Upland Vegetation - Shrub","Shrub-dominated","Shrubland","Mixed evergreen-deciduous shrubland",255,105,46,1,0.411765,0.180392,72715,0.6
"104",9503,32,"Great Basin Foothill and Lower Montane Riparian Shrubland",9003,2154,"Tr Inter-Mountain Basins Montane Riparian Systems","Shrub","Riparian",635,"Western Riparian Woodland and Shrubland","SAF 235: Cottonwood-Willow","Shrub-dominated","Shrubland","Mixed evergreen-deciduous shrubland",73,171,186,0.286275,0.670588,0.729412,7,0
"105",9519,81266,"Rocky Mountain Lower Montane-Foothill Riparian Shrubland",9019,2159,"Tr Rocky Mountain Montane Riparian Systems","Shrub","Riparian",635,"Western Riparian Woodland and Shrubland","SAF 235: Cottonwood-Willow","Shrub-dominated","Shrubland","Mixed evergreen-deciduous shrubland",73,171,186,0.286275,0.670588,0.729412,18073,0.2
"106",9827,12,"Interior West Ruderal Riparian Scrub",9327,2278,"Tr Interior West Ruderal Riparian Forest & Scrub","Shrub","Riparian",701,"Introduced Riparian Vegetation","LF 58: Introduced Woody Wetlands and Riparian Vegetation","Shrub-dominated","Shrubland","Mixed evergreen-deciduous shrubland",255,105,46,1,0.411765,0.180392,3,0
"107",9828,531334,"Interior Western North American Temperate Ruderal Grassland",9328,2279,"Sh Interior Western North American Temperate Ruderal Grassland & Shrubland","Herb","Exotic Herbaceous",703,"Introduced Perennial Grassland and Forbland","LF 54: Introduced Upland Vegetation - Herbaceous","Herbaceous / Nonvascular-dominated","Herbaceous - grassland","Perennial graminoid grassland",255,105,46,1,0.411765,0.180392,118166,1
"108",9829,17409,"Western North American Ruderal Wet Meadow & Marsh",9329,2280,"Sh Western North American Ruderal Wet Shrubland Meadow & Marsh","Herb","Riparian",709,"Introduced Herbaceous Wetland Vegetation","LF 59: Introduced Herbaceous Wetland and Riparian Vegetation","Herbaceous / Nonvascular-dominated","Herbaceous - grassland","Perennial graminoid grassland",255,105,46,1,0.411765,0.180392,3872,0
